<?xml version="1.0" encoding="UTF-8"?>
<!--
To change this license header, choose License Headers in Project Properties.
To change this template file, choose Tools | Templates
and open the template in the editor.
-->


<relations>

   <relation>
    <person_id>1</person_id>
	<friend_id>2</friend_id>
  </relation>
  
  <relation>
    <person_id>1</person_id>
	<friend_id>5</friend_id>
  </relation>
  
   <relation>
    <person_id>1</person_id>
	<friend_id>3</friend_id>
  </relation>
  
   <relation>
    <person_id>3</person_id>
	<friend_id>4</friend_id>
  </relation>
  
   <relation>
    <person_id>2</person_id>
	<friend_id>4</friend_id>
  </relation>
  
   <relation>
    <person_id>2</person_id>
	<friend_id>3</friend_id>
  </relation>
</relations>